,Slope,Intercept,R,P,StdError,Coef_determ
Bus,10.153866297394138,-9772629.835235626,0.6850024987770631,1.109373169496883e-08,1.4975848634944997,0.4692284233308203
Taxi,10.12464677870469,8242658.364771891,0.8836275962650353,1.0197872866102711e-09,1.0729095982320742,0.7807977288811242
Uber,-0.6391444190575245,22561641.397971436,-0.17956726864663794,0.4011378496469762,0.7465232352871727,0.03224440396921384
